<?xml version="1.0" encoding="UTF-8"?>
<OTLayout>
<GPOS>
  <Version value="1.0"/>
  <ScriptList>
    <!-- ScriptCount=2 -->
    <ScriptRecord index="0">
      <ScriptTag value="DFLT"/>
      <Script>
        <DefaultLangSys>
          <ReqFeatureIndex value="65535"/>
          <!-- FeatureCount=1 -->
          <FeatureIndex index="0" value="0"/>
        </DefaultLangSys>
        <!-- LangSysCount=0 -->
      </Script>
    </ScriptRecord>
    <ScriptRecord index="1">
      <ScriptTag value="nko "/>
      <Script>
        <DefaultLangSys>
          <ReqFeatureIndex value="65535"/>
          <!-- FeatureCount=1 -->
          <FeatureIndex index="0" value="1"/>
        </DefaultLangSys>
        <!-- LangSysCount=0 -->
      </Script>
    </ScriptRecord>
  </ScriptList>
  <FeatureList>
    <!-- FeatureCount=2 -->
    <FeatureRecord index="0">
      <FeatureTag value="mark"/>
      <Feature>
        <!-- LookupCount=2 -->
        <LookupListIndex index="0" value="0"/>
        <LookupListIndex index="1" value="1"/>
      </Feature>
    </FeatureRecord>
    <FeatureRecord index="1">
      <FeatureTag value="mark"/>
      <Feature>
        <!-- LookupCount=2 -->
        <LookupListIndex index="0" value="0"/>
        <LookupListIndex index="1" value="1"/>
      </Feature>
    </FeatureRecord>
  </FeatureList>
  <LookupList>
    <!-- LookupCount=2 -->
    <Lookup index="0">
      <LookupType value="4"/>
      <LookupFlag value="1"/>
      <!-- SubTableCount=1 -->
      <MarkBasePos index="0" Format="1">
        <MarkCoverage Format="1">
          <Glyph value="hightoneshortcomb-nko"/>
          <Glyph value="lowtoneshortcomb-nko"/>
          <Glyph value="risingtoneshortcomb-nko"/>
          <Glyph value="descendingtonelongcomb-nko"/>
          <Glyph value="hightonelongcomb-nko"/>
          <Glyph value="lowtonelongcomb-nko"/>
          <Glyph value="risingtonelongcomb-nko"/>
          <Glyph value="doubledotcomb-nko"/>
        </MarkCoverage>
        <BaseCoverage Format="1">
          <Glyph value="a-nko"/>
          <Glyph value="ee-nko"/>
          <Glyph value="i-nko"/>
          <Glyph value="e-nko"/>
          <Glyph value="u-nko"/>
          <Glyph value="oo-nko"/>
          <Glyph value="o-nko"/>
          <Glyph value="dagbasinna-nko"/>
          <Glyph value="n-nko"/>
          <Glyph value="ba-nko"/>
          <Glyph value="pa-nko"/>
          <Glyph value="ta-nko"/>
          <Glyph value="ja-nko"/>
          <Glyph value="cha-nko"/>
          <Glyph value="da-nko"/>
          <Glyph value="ra-nko"/>
          <Glyph value="rra-nko"/>
          <Glyph value="sa-nko"/>
          <Glyph value="gba-nko"/>
          <Glyph value="fa-nko"/>
          <Glyph value="ka-nko"/>
          <Glyph value="la-nko"/>
          <Glyph value="nawoloso-nko"/>
          <Glyph value="ma-nko"/>
          <Glyph value="nya-nko"/>
          <Glyph value="na-nko"/>
          <Glyph value="ha-nko"/>
          <Glyph value="wa-nko"/>
          <Glyph value="ya-nko"/>
          <Glyph value="nyawoloso-nko"/>
          <Glyph value="jonaja-nko"/>
          <Glyph value="jonacha-nko"/>
          <Glyph value="jonara-nko"/>
          <Glyph value="a-nko.fina"/>
          <Glyph value="ee-nko.fina"/>
          <Glyph value="i-nko.fina"/>
          <Glyph value="e-nko.fina"/>
          <Glyph value="u-nko.fina"/>
          <Glyph value="oo-nko.fina"/>
          <Glyph value="o-nko.fina"/>
          <Glyph value="dagbasinna-nko.fina"/>
          <Glyph value="n-nko.fina"/>
          <Glyph value="ba-nko.fina"/>
          <Glyph value="pa-nko.fina"/>
          <Glyph value="ta-nko.fina"/>
          <Glyph value="ja-nko.fina"/>
          <Glyph value="cha-nko.fina"/>
          <Glyph value="da-nko.fina"/>
          <Glyph value="ra-nko.fina"/>
          <Glyph value="rra-nko.fina"/>
          <Glyph value="sa-nko.fina"/>
          <Glyph value="gba-nko.fina"/>
          <Glyph value="fa-nko.fina"/>
          <Glyph value="ka-nko.fina"/>
          <Glyph value="la-nko.fina"/>
          <Glyph value="nawoloso-nko.fina"/>
          <Glyph value="ma-nko.fina"/>
          <Glyph value="nya-nko.fina"/>
          <Glyph value="na-nko.fina"/>
          <Glyph value="ha-nko.fina"/>
          <Glyph value="wa-nko.fina"/>
          <Glyph value="ya-nko.fina"/>
          <Glyph value="nyawoloso-nko.fina"/>
          <Glyph value="jonaja-nko.fina"/>
          <Glyph value="jonacha-nko.fina"/>
          <Glyph value="jonara-nko.fina"/>
          <Glyph value="a-nko.medi"/>
          <Glyph value="ee-nko.medi"/>
          <Glyph value="i-nko.medi"/>
          <Glyph value="e-nko.medi"/>
          <Glyph value="u-nko.medi"/>
          <Glyph value="oo-nko.medi"/>
          <Glyph value="o-nko.medi"/>
          <Glyph value="dagbasinna-nko.medi"/>
          <Glyph value="n-nko.medi"/>
          <Glyph value="ba-nko.medi"/>
          <Glyph value="pa-nko.medi"/>
          <Glyph value="ta-nko.medi"/>
          <Glyph value="ja-nko.medi"/>
          <Glyph value="cha-nko.medi"/>
          <Glyph value="da-nko.medi"/>
          <Glyph value="ra-nko.medi"/>
          <Glyph value="rra-nko.medi"/>
          <Glyph value="sa-nko.medi"/>
          <Glyph value="gba-nko.medi"/>
          <Glyph value="fa-nko.medi"/>
          <Glyph value="ka-nko.medi"/>
          <Glyph value="la-nko.medi"/>
          <Glyph value="nawoloso-nko.medi"/>
          <Glyph value="ma-nko.medi"/>
          <Glyph value="nya-nko.medi"/>
          <Glyph value="na-nko.medi"/>
          <Glyph value="ha-nko.medi"/>
          <Glyph value="wa-nko.medi"/>
          <Glyph value="ya-nko.medi"/>
          <Glyph value="nyawoloso-nko.medi"/>
          <Glyph value="jonaja-nko.medi"/>
          <Glyph value="jonacha-nko.medi"/>
          <Glyph value="jonara-nko.medi"/>
          <Glyph value="a-nko.init"/>
          <Glyph value="ee-nko.init"/>
          <Glyph value="i-nko.init"/>
          <Glyph value="e-nko.init"/>
          <Glyph value="u-nko.init"/>
          <Glyph value="oo-nko.init"/>
          <Glyph value="o-nko.init"/>
          <Glyph value="dagbasinna-nko.init"/>
          <Glyph value="n-nko.init"/>
          <Glyph value="ba-nko.init"/>
          <Glyph value="pa-nko.init"/>
          <Glyph value="ta-nko.init"/>
          <Glyph value="ja-nko.init"/>
          <Glyph value="cha-nko.init"/>
          <Glyph value="da-nko.init"/>
          <Glyph value="ra-nko.init"/>
          <Glyph value="rra-nko.init"/>
          <Glyph value="sa-nko.init"/>
          <Glyph value="gba-nko.init"/>
          <Glyph value="fa-nko.init"/>
          <Glyph value="ka-nko.init"/>
          <Glyph value="la-nko.init"/>
          <Glyph value="nawoloso-nko.init"/>
          <Glyph value="ma-nko.init"/>
          <Glyph value="nya-nko.init"/>
          <Glyph value="na-nko.init"/>
          <Glyph value="ha-nko.init"/>
          <Glyph value="wa-nko.init"/>
          <Glyph value="ya-nko.init"/>
          <Glyph value="nyawoloso-nko.init"/>
          <Glyph value="jonaja-nko.init"/>
          <Glyph value="jonacha-nko.init"/>
          <Glyph value="jonara-nko.init"/>
        </BaseCoverage>
        <!-- ClassCount=1 -->
        <MarkArray>
          <!-- MarkCount=8 -->
          <MarkRecord index="0">
            <Class value="0"/>
            <MarkAnchor Format="1">
              <XCoordinate value="200"/>
              <YCoordinate value="698"/>
            </MarkAnchor>
          </MarkRecord>
          <MarkRecord index="1">
            <Class value="0"/>
            <MarkAnchor Format="1">
              <XCoordinate value="226"/>
              <YCoordinate value="721"/>
            </MarkAnchor>
          </MarkRecord>
          <MarkRecord index="2">
            <Class value="0"/>
            <MarkAnchor Format="1">
              <XCoordinate value="113"/>
              <YCoordinate value="701"/>
            </MarkAnchor>
          </MarkRecord>
          <MarkRecord index="3">
            <Class value="0"/>
            <MarkAnchor Format="1">
              <XCoordinate value="219"/>
              <YCoordinate value="692"/>
            </MarkAnchor>
          </MarkRecord>
          <MarkRecord index="4">
            <Class value="0"/>
            <MarkAnchor Format="1">
              <XCoordinate value="226"/>
              <YCoordinate value="660"/>
            </MarkAnchor>
          </MarkRecord>
          <MarkRecord index="5">
            <Class value="0"/>
            <MarkAnchor Format="1">
              <XCoordinate value="248"/>
              <YCoordinate value="669"/>
            </MarkAnchor>
          </MarkRecord>
          <MarkRecord index="6">
            <Class value="0"/>
            <MarkAnchor Format="1">
              <XCoordinate value="255"/>
              <YCoordinate value="663"/>
            </MarkAnchor>
          </MarkRecord>
          <MarkRecord index="7">
            <Class value="0"/>
            <MarkAnchor Format="1">
              <XCoordinate value="197"/>
              <YCoordinate value="692"/>
            </MarkAnchor>
          </MarkRecord>
        </MarkArray>
        <BaseArray>
          <!-- BaseCount=132 -->
          <BaseRecord index="0">
            <BaseAnchor index="0" Format="1">
              <XCoordinate value="103"/>
              <YCoordinate value="801"/>
            </BaseAnchor>
          </BaseRecord>
          <BaseRecord index="1">
            <BaseAnchor index="0" Format="1">
              <XCoordinate value="255"/>
              <YCoordinate value="798"/>
            </BaseAnchor>
          </BaseRecord>
          <BaseRecord index="2">
            <BaseAnchor index="0" Format="1">
              <XCoordinate value="252"/>
              <YCoordinate value="801"/>
            </BaseAnchor>
          </BaseRecord>
          <BaseRecord index="3">
            <BaseAnchor index="0" Format="1">
              <XCoordinate value="300"/>
              <YCoordinate value="801"/>
            </BaseAnchor>
          </BaseRecord>
          <BaseRecord index="4">
            <BaseAnchor index="0" Format="1">
              <XCoordinate value="258"/>
              <YCoordinate value="798"/>
            </BaseAnchor>
          </BaseRecord>
          <BaseRecord index="5">
            <BaseAnchor index="0" Format="1">
              <XCoordinate value="258"/>
              <YCoordinate value="798"/>
            </BaseAnchor>
          </BaseRecord>
          <BaseRecord index="6">
            <BaseAnchor index="0" Format="1">
              <XCoordinate value="258"/>
              <YCoordinate value="798"/>
            </BaseAnchor>
          </BaseRecord>
          <BaseRecord index="7">
            <BaseAnchor index="0" Format="1">
              <XCoordinate value="258"/>
              <YCoordinate value="798"/>
            </BaseAnchor>
          </BaseRecord>
          <BaseRecord index="8">
            <BaseAnchor index="0" Format="1">
              <XCoordinate value="403"/>
              <YCoordinate value="798"/>
            </BaseAnchor>
          </BaseRecord>
          <BaseRecord index="9">
            <BaseAnchor index="0" Format="1">
              <XCoordinate value="258"/>
              <YCoordinate value="798"/>
            </BaseAnchor>
          </BaseRecord>
          <BaseRecord index="10">
            <BaseAnchor index="0" Format="1">
              <XCoordinate value="258"/>
              <YCoordinate value="798"/>
            </BaseAnchor>
          </BaseRecord>
          <BaseRecord index="11">
            <BaseAnchor index="0" Format="1">
              <XCoordinate value="258"/>
              <YCoordinate value="798"/>
            </BaseAnchor>
          </BaseRecord>
          <BaseRecord index="12">
            <BaseAnchor index="0" Format="1">
              <XCoordinate value="258"/>
              <YCoordinate value="798"/>
            </BaseAnchor>
          </BaseRecord>
          <BaseRecord index="13">
            <BaseAnchor index="0" Format="1">
              <XCoordinate value="223"/>
              <YCoordinate value="798"/>
            </BaseAnchor>
          </BaseRecord>
          <BaseRecord index="14">
            <BaseAnchor index="0" Format="1">
              <XCoordinate value="419"/>
              <YCoordinate value="801"/>
            </BaseAnchor>
          </BaseRecord>
          <BaseRecord index="15">
            <BaseAnchor index="0" Format="1">
              <XCoordinate value="258"/>
              <YCoordinate value="798"/>
            </BaseAnchor>
          </BaseRecord>
          <BaseRecord index="16">
            <BaseAnchor index="0" Format="1">
              <XCoordinate value="413"/>
              <YCoordinate value="765"/>
            </BaseAnchor>
          </BaseRecord>
          <BaseRecord index="17">
            <BaseAnchor index="0" Format="1">
              <XCoordinate value="258"/>
              <YCoordinate value="798"/>
            </BaseAnchor>
          </BaseRecord>
          <BaseRecord index="18">
            <BaseAnchor index="0" Format="1">
              <XCoordinate value="278"/>
              <YCoordinate value="795"/>
            </BaseAnchor>
          </BaseRecord>
          <BaseRecord index="19">
            <BaseAnchor index="0" Format="1">
              <XCoordinate value="346"/>
              <YCoordinate value="795"/>
            </BaseAnchor>
          </BaseRecord>
          <BaseRecord index="20">
            <BaseAnchor index="0" Format="1">
              <XCoordinate value="258"/>
              <YCoordinate value="798"/>
            </BaseAnchor>
          </BaseRecord>
          <BaseRecord index="21">
            <BaseAnchor index="0" Format="1">
              <XCoordinate value="258"/>
              <YCoordinate value="798"/>
            </BaseAnchor>
          </BaseRecord>
          <BaseRecord index="22">
            <BaseAnchor index="0" Format="1">
              <XCoordinate value="245"/>
              <YCoordinate value="791"/>
            </BaseAnchor>
          </BaseRecord>
          <BaseRecord index="23">
            <BaseAnchor index="0" Format="1">
              <XCoordinate value="278"/>
              <YCoordinate value="795"/>
            </BaseAnchor>
          </BaseRecord>
          <BaseRecord index="24">
            <BaseAnchor index="0" Format="1">
              <XCoordinate value="258"/>
              <YCoordinate value="798"/>
            </BaseAnchor>
          </BaseRecord>
          <BaseRecord index="25">
            <BaseAnchor index="0" Format="1">
              <XCoordinate value="258"/>
              <YCoordinate value="798"/>
            </BaseAnchor>
          </BaseRecord>
          <BaseRecord index="26">
            <BaseAnchor index="0" Format="1">
              <XCoordinate value="258"/>
              <YCoordinate value="798"/>
            </BaseAnchor>
          </BaseRecord>
          <BaseRecord index="27">
            <BaseAnchor index="0" Format="1">
              <XCoordinate value="258"/>
              <YCoordinate value="798"/>
            </BaseAnchor>
          </BaseRecord>
          <BaseRecord index="28">
            <BaseAnchor index="0" Format="1">
              <XCoordinate value="258"/>
              <YCoordinate value="798"/>
            </BaseAnchor>
          </BaseRecord>
          <BaseRecord index="29">
            <BaseAnchor index="0" Format="1">
              <XCoordinate value="258"/>
              <YCoordinate value="798"/>
            </BaseAnchor>
          </BaseRecord>
          <BaseRecord index="30">
            <BaseAnchor index="0" Format="1">
              <XCoordinate value="258"/>
              <YCoordinate value="798"/>
            </BaseAnchor>
          </BaseRecord>
          <BaseRecord index="31">
            <BaseAnchor index="0" Format="1">
              <XCoordinate value="258"/>
              <YCoordinate value="798"/>
            </BaseAnchor>
          </BaseRecord>
          <BaseRecord index="32">
            <BaseAnchor index="0" Format="1">
              <XCoordinate value="258"/>
              <YCoordinate value="798"/>
            </BaseAnchor>
          </BaseRecord>
          <BaseRecord index="33">
            <BaseAnchor index="0" Format="1">
              <XCoordinate value="100"/>
              <YCoordinate value="801"/>
            </BaseAnchor>
          </BaseRecord>
          <BaseRecord index="34">
            <BaseAnchor index="0" Format="1">
              <XCoordinate value="256"/>
              <YCoordinate value="792"/>
            </BaseAnchor>
          </BaseRecord>
          <BaseRecord index="35">
            <BaseAnchor index="0" Format="1">
              <XCoordinate value="256"/>
              <YCoordinate value="792"/>
            </BaseAnchor>
          </BaseRecord>
          <BaseRecord index="36">
            <BaseAnchor index="0" Format="1">
              <XCoordinate value="296"/>
              <YCoordinate value="795"/>
            </BaseAnchor>
          </BaseRecord>
          <BaseRecord index="37">
            <BaseAnchor index="0" Format="1">
              <XCoordinate value="256"/>
              <YCoordinate value="792"/>
            </BaseAnchor>
          </BaseRecord>
          <BaseRecord index="38">
            <BaseAnchor index="0" Format="1">
              <XCoordinate value="256"/>
              <YCoordinate value="792"/>
            </BaseAnchor>
          </BaseRecord>
          <BaseRecord index="39">
            <BaseAnchor index="0" Format="1">
              <XCoordinate value="256"/>
              <YCoordinate value="792"/>
            </BaseAnchor>
          </BaseRecord>
          <BaseRecord index="40">
            <BaseAnchor index="0" Format="1">
              <XCoordinate value="256"/>
              <YCoordinate value="792"/>
            </BaseAnchor>
          </BaseRecord>
          <BaseRecord index="41">
            <BaseAnchor index="0" Format="1">
              <XCoordinate value="369"/>
              <YCoordinate value="795"/>
            </BaseAnchor>
          </BaseRecord>
          <BaseRecord index="42">
            <BaseAnchor index="0" Format="1">
              <XCoordinate value="256"/>
              <YCoordinate value="792"/>
            </BaseAnchor>
          </BaseRecord>
          <BaseRecord index="43">
            <BaseAnchor index="0" Format="1">
              <XCoordinate value="256"/>
              <YCoordinate value="792"/>
            </BaseAnchor>
          </BaseRecord>
          <BaseRecord index="44">
            <BaseAnchor index="0" Format="1">
              <XCoordinate value="256"/>
              <YCoordinate value="792"/>
            </BaseAnchor>
          </BaseRecord>
          <BaseRecord index="45">
            <BaseAnchor index="0" Format="1">
              <XCoordinate value="256"/>
              <YCoordinate value="792"/>
            </BaseAnchor>
          </BaseRecord>
          <BaseRecord index="46">
            <BaseAnchor index="0" Format="1">
              <XCoordinate value="256"/>
              <YCoordinate value="792"/>
            </BaseAnchor>
          </BaseRecord>
          <BaseRecord index="47">
            <BaseAnchor index="0" Format="1">
              <XCoordinate value="480"/>
              <YCoordinate value="797"/>
            </BaseAnchor>
          </BaseRecord>
          <BaseRecord index="48">
            <BaseAnchor index="0" Format="1">
              <XCoordinate value="256"/>
              <YCoordinate value="792"/>
            </BaseAnchor>
          </BaseRecord>
          <BaseRecord index="49">
            <BaseAnchor index="0" Format="1">
              <XCoordinate value="411"/>
              <YCoordinate value="795"/>
            </BaseAnchor>
          </BaseRecord>
          <BaseRecord index="50">
            <BaseAnchor index="0" Format="1">
              <XCoordinate value="256"/>
              <YCoordinate value="792"/>
            </BaseAnchor>
          </BaseRecord>
          <BaseRecord index="51">
            <BaseAnchor index="0" Format="1">
              <XCoordinate value="275"/>
              <YCoordinate value="792"/>
            </BaseAnchor>
          </BaseRecord>
          <BaseRecord index="52">
            <BaseAnchor index="0" Format="1">
              <XCoordinate value="371"/>
              <YCoordinate value="802"/>
            </BaseAnchor>
          </BaseRecord>
          <BaseRecord index="53">
            <BaseAnchor index="0" Format="1">
              <XCoordinate value="256"/>
              <YCoordinate value="792"/>
            </BaseAnchor>
          </BaseRecord>
          <BaseRecord index="54">
            <BaseAnchor index="0" Format="1">
              <XCoordinate value="256"/>
              <YCoordinate value="792"/>
            </BaseAnchor>
          </BaseRecord>
          <BaseRecord index="55">
            <BaseAnchor index="0" Format="1">
              <XCoordinate value="256"/>
              <YCoordinate value="792"/>
            </BaseAnchor>
          </BaseRecord>
          <BaseRecord index="56">
            <BaseAnchor index="0" Format="1">
              <XCoordinate value="281"/>
              <YCoordinate value="794"/>
            </BaseAnchor>
          </BaseRecord>
          <BaseRecord index="57">
            <BaseAnchor index="0" Format="1">
              <XCoordinate value="281"/>
              <YCoordinate value="794"/>
            </BaseAnchor>
          </BaseRecord>
          <BaseRecord index="58">
            <BaseAnchor index="0" Format="1">
              <XCoordinate value="281"/>
              <YCoordinate value="794"/>
            </BaseAnchor>
          </BaseRecord>
          <BaseRecord index="59">
            <BaseAnchor index="0" Format="1">
              <XCoordinate value="281"/>
              <YCoordinate value="794"/>
            </BaseAnchor>
          </BaseRecord>
          <BaseRecord index="60">
            <BaseAnchor index="0" Format="1">
              <XCoordinate value="281"/>
              <YCoordinate value="794"/>
            </BaseAnchor>
          </BaseRecord>
          <BaseRecord index="61">
            <BaseAnchor index="0" Format="1">
              <XCoordinate value="281"/>
              <YCoordinate value="794"/>
            </BaseAnchor>
          </BaseRecord>
          <BaseRecord index="62">
            <BaseAnchor index="0" Format="1">
              <XCoordinate value="281"/>
              <YCoordinate value="794"/>
            </BaseAnchor>
          </BaseRecord>
          <BaseRecord index="63">
            <BaseAnchor index="0" Format="1">
              <XCoordinate value="281"/>
              <YCoordinate value="794"/>
            </BaseAnchor>
          </BaseRecord>
          <BaseRecord index="64">
            <BaseAnchor index="0" Format="1">
              <XCoordinate value="281"/>
              <YCoordinate value="794"/>
            </BaseAnchor>
          </BaseRecord>
          <BaseRecord index="65">
            <BaseAnchor index="0" Format="1">
              <XCoordinate value="281"/>
              <YCoordinate value="794"/>
            </BaseAnchor>
          </BaseRecord>
          <BaseRecord index="66">
            <BaseAnchor index="0" Format="1">
              <XCoordinate value="102"/>
              <YCoordinate value="793"/>
            </BaseAnchor>
          </BaseRecord>
          <BaseRecord index="67">
            <BaseAnchor index="0" Format="1">
              <XCoordinate value="281"/>
              <YCoordinate value="794"/>
            </BaseAnchor>
          </BaseRecord>
          <BaseRecord index="68">
            <BaseAnchor index="0" Format="1">
              <XCoordinate value="247"/>
              <YCoordinate value="797"/>
            </BaseAnchor>
          </BaseRecord>
          <BaseRecord index="69">
            <BaseAnchor index="0" Format="1">
              <XCoordinate value="296"/>
              <YCoordinate value="796"/>
            </BaseAnchor>
          </BaseRecord>
          <BaseRecord index="70">
            <BaseAnchor index="0" Format="1">
              <XCoordinate value="256"/>
              <YCoordinate value="794"/>
            </BaseAnchor>
          </BaseRecord>
          <BaseRecord index="71">
            <BaseAnchor index="0" Format="1">
              <XCoordinate value="281"/>
              <YCoordinate value="794"/>
            </BaseAnchor>
          </BaseRecord>
          <BaseRecord index="72">
            <BaseAnchor index="0" Format="1">
              <XCoordinate value="264"/>
              <YCoordinate value="794"/>
            </BaseAnchor>
          </BaseRecord>
          <BaseRecord index="73">
            <BaseAnchor index="0" Format="1">
              <XCoordinate value="271"/>
              <YCoordinate value="794"/>
            </BaseAnchor>
          </BaseRecord>
          <BaseRecord index="74">
            <BaseAnchor index="0" Format="1">
              <XCoordinate value="412"/>
              <YCoordinate value="794"/>
            </BaseAnchor>
          </BaseRecord>
          <BaseRecord index="75">
            <BaseAnchor index="0" Format="1">
              <XCoordinate value="281"/>
              <YCoordinate value="794"/>
            </BaseAnchor>
          </BaseRecord>
          <BaseRecord index="76">
            <BaseAnchor index="0" Format="1">
              <XCoordinate value="254"/>
              <YCoordinate value="794"/>
            </BaseAnchor>
          </BaseRecord>
          <BaseRecord index="77">
            <BaseAnchor index="0" Format="1">
              <XCoordinate value="281"/>
              <YCoordinate value="794"/>
            </BaseAnchor>
          </BaseRecord>
          <BaseRecord index="78">
            <BaseAnchor index="0" Format="1">
              <XCoordinate value="281"/>
              <YCoordinate value="794"/>
            </BaseAnchor>
          </BaseRecord>
          <BaseRecord index="79">
            <BaseAnchor index="0" Format="1">
              <XCoordinate value="207"/>
              <YCoordinate value="794"/>
            </BaseAnchor>
          </BaseRecord>
          <BaseRecord index="80">
            <BaseAnchor index="0" Format="1">
              <XCoordinate value="439"/>
              <YCoordinate value="794"/>
            </BaseAnchor>
          </BaseRecord>
          <BaseRecord index="81">
            <BaseAnchor index="0" Format="1">
              <XCoordinate value="267"/>
              <YCoordinate value="794"/>
            </BaseAnchor>
          </BaseRecord>
          <BaseRecord index="82">
            <BaseAnchor index="0" Format="1">
              <XCoordinate value="406"/>
              <YCoordinate value="794"/>
            </BaseAnchor>
          </BaseRecord>
          <BaseRecord index="83">
            <BaseAnchor index="0" Format="1">
              <XCoordinate value="253"/>
              <YCoordinate value="794"/>
            </BaseAnchor>
          </BaseRecord>
          <BaseRecord index="84">
            <BaseAnchor index="0" Format="1">
              <XCoordinate value="281"/>
              <YCoordinate value="794"/>
            </BaseAnchor>
          </BaseRecord>
          <BaseRecord index="85">
            <BaseAnchor index="0" Format="1">
              <XCoordinate value="281"/>
              <YCoordinate value="794"/>
            </BaseAnchor>
          </BaseRecord>
          <BaseRecord index="86">
            <BaseAnchor index="0" Format="1">
              <XCoordinate value="253"/>
              <YCoordinate value="794"/>
            </BaseAnchor>
          </BaseRecord>
          <BaseRecord index="87">
            <BaseAnchor index="0" Format="1">
              <XCoordinate value="281"/>
              <YCoordinate value="794"/>
            </BaseAnchor>
          </BaseRecord>
          <BaseRecord index="88">
            <BaseAnchor index="0" Format="1">
              <XCoordinate value="248"/>
              <YCoordinate value="794"/>
            </BaseAnchor>
          </BaseRecord>
          <BaseRecord index="89">
            <BaseAnchor index="0" Format="1">
              <XCoordinate value="281"/>
              <YCoordinate value="794"/>
            </BaseAnchor>
          </BaseRecord>
          <BaseRecord index="90">
            <BaseAnchor index="0" Format="1">
              <XCoordinate value="261"/>
              <YCoordinate value="794"/>
            </BaseAnchor>
          </BaseRecord>
          <BaseRecord index="91">
            <BaseAnchor index="0" Format="1">
              <XCoordinate value="236"/>
              <YCoordinate value="794"/>
            </BaseAnchor>
          </BaseRecord>
          <BaseRecord index="92">
            <BaseAnchor index="0" Format="1">
              <XCoordinate value="281"/>
              <YCoordinate value="794"/>
            </BaseAnchor>
          </BaseRecord>
          <BaseRecord index="93">
            <BaseAnchor index="0" Format="1">
              <XCoordinate value="263"/>
              <YCoordinate value="794"/>
            </BaseAnchor>
          </BaseRecord>
          <BaseRecord index="94">
            <BaseAnchor index="0" Format="1">
              <XCoordinate value="267"/>
              <YCoordinate value="794"/>
            </BaseAnchor>
          </BaseRecord>
          <BaseRecord index="95">
            <BaseAnchor index="0" Format="1">
              <XCoordinate value="266"/>
              <YCoordinate value="794"/>
            </BaseAnchor>
          </BaseRecord>
          <BaseRecord index="96">
            <BaseAnchor index="0" Format="1">
              <XCoordinate value="281"/>
              <YCoordinate value="794"/>
            </BaseAnchor>
          </BaseRecord>
          <BaseRecord index="97">
            <BaseAnchor index="0" Format="1">
              <XCoordinate value="281"/>
              <YCoordinate value="794"/>
            </BaseAnchor>
          </BaseRecord>
          <BaseRecord index="98">
            <BaseAnchor index="0" Format="1">
              <XCoordinate value="238"/>
              <YCoordinate value="794"/>
            </BaseAnchor>
          </BaseRecord>
          <BaseRecord index="99">
            <BaseAnchor index="0" Format="1">
              <XCoordinate value="110"/>
              <YCoordinate value="794"/>
            </BaseAnchor>
          </BaseRecord>
          <BaseRecord index="100">
            <BaseAnchor index="0" Format="1">
              <XCoordinate value="253"/>
              <YCoordinate value="794"/>
            </BaseAnchor>
          </BaseRecord>
          <BaseRecord index="101">
            <BaseAnchor index="0" Format="1">
              <XCoordinate value="246"/>
              <YCoordinate value="794"/>
            </BaseAnchor>
          </BaseRecord>
          <BaseRecord index="102">
            <BaseAnchor index="0" Format="1">
              <XCoordinate value="305"/>
              <YCoordinate value="794"/>
            </BaseAnchor>
          </BaseRecord>
          <BaseRecord index="103">
            <BaseAnchor index="0" Format="1">
              <XCoordinate value="251"/>
              <YCoordinate value="794"/>
            </BaseAnchor>
          </BaseRecord>
          <BaseRecord index="104">
            <BaseAnchor index="0" Format="1">
              <XCoordinate value="240"/>
              <YCoordinate value="794"/>
            </BaseAnchor>
          </BaseRecord>
          <BaseRecord index="105">
            <BaseAnchor index="0" Format="1">
              <XCoordinate value="256"/>
              <YCoordinate value="794"/>
            </BaseAnchor>
          </BaseRecord>
          <BaseRecord index="106">
            <BaseAnchor index="0" Format="1">
              <XCoordinate value="263"/>
              <YCoordinate value="794"/>
            </BaseAnchor>
          </BaseRecord>
          <BaseRecord index="107">
            <BaseAnchor index="0" Format="1">
              <XCoordinate value="328"/>
              <YCoordinate value="794"/>
            </BaseAnchor>
          </BaseRecord>
          <BaseRecord index="108">
            <BaseAnchor index="0" Format="1">
              <XCoordinate value="281"/>
              <YCoordinate value="794"/>
            </BaseAnchor>
          </BaseRecord>
          <BaseRecord index="109">
            <BaseAnchor index="0" Format="1">
              <XCoordinate value="249"/>
              <YCoordinate value="794"/>
            </BaseAnchor>
          </BaseRecord>
          <BaseRecord index="110">
            <BaseAnchor index="0" Format="1">
              <XCoordinate value="281"/>
              <YCoordinate value="794"/>
            </BaseAnchor>
          </BaseRecord>
          <BaseRecord index="111">
            <BaseAnchor index="0" Format="1">
              <XCoordinate value="281"/>
              <YCoordinate value="794"/>
            </BaseAnchor>
          </BaseRecord>
          <BaseRecord index="112">
            <BaseAnchor index="0" Format="1">
              <XCoordinate value="198"/>
              <YCoordinate value="794"/>
            </BaseAnchor>
          </BaseRecord>
          <BaseRecord index="113">
            <BaseAnchor index="0" Format="1">
              <XCoordinate value="407"/>
              <YCoordinate value="794"/>
            </BaseAnchor>
          </BaseRecord>
          <BaseRecord index="114">
            <BaseAnchor index="0" Format="1">
              <XCoordinate value="266"/>
              <YCoordinate value="794"/>
            </BaseAnchor>
          </BaseRecord>
          <BaseRecord index="115">
            <BaseAnchor index="0" Format="1">
              <XCoordinate value="411"/>
              <YCoordinate value="794"/>
            </BaseAnchor>
          </BaseRecord>
          <BaseRecord index="116">
            <BaseAnchor index="0" Format="1">
              <XCoordinate value="256"/>
              <YCoordinate value="794"/>
            </BaseAnchor>
          </BaseRecord>
          <BaseRecord index="117">
            <BaseAnchor index="0" Format="1">
              <XCoordinate value="281"/>
              <YCoordinate value="794"/>
            </BaseAnchor>
          </BaseRecord>
          <BaseRecord index="118">
            <BaseAnchor index="0" Format="1">
              <XCoordinate value="281"/>
              <YCoordinate value="794"/>
            </BaseAnchor>
          </BaseRecord>
          <BaseRecord index="119">
            <BaseAnchor index="0" Format="1">
              <XCoordinate value="244"/>
              <YCoordinate value="794"/>
            </BaseAnchor>
          </BaseRecord>
          <BaseRecord index="120">
            <BaseAnchor index="0" Format="1">
              <XCoordinate value="257"/>
              <YCoordinate value="794"/>
            </BaseAnchor>
          </BaseRecord>
          <BaseRecord index="121">
            <BaseAnchor index="0" Format="1">
              <XCoordinate value="236"/>
              <YCoordinate value="794"/>
            </BaseAnchor>
          </BaseRecord>
          <BaseRecord index="122">
            <BaseAnchor index="0" Format="1">
              <XCoordinate value="281"/>
              <YCoordinate value="794"/>
            </BaseAnchor>
          </BaseRecord>
          <BaseRecord index="123">
            <BaseAnchor index="0" Format="1">
              <XCoordinate value="260"/>
              <YCoordinate value="794"/>
            </BaseAnchor>
          </BaseRecord>
          <BaseRecord index="124">
            <BaseAnchor index="0" Format="1">
              <XCoordinate value="245"/>
              <YCoordinate value="794"/>
            </BaseAnchor>
          </BaseRecord>
          <BaseRecord index="125">
            <BaseAnchor index="0" Format="1">
              <XCoordinate value="265"/>
              <YCoordinate value="794"/>
            </BaseAnchor>
          </BaseRecord>
          <BaseRecord index="126">
            <BaseAnchor index="0" Format="1">
              <XCoordinate value="257"/>
              <YCoordinate value="794"/>
            </BaseAnchor>
          </BaseRecord>
          <BaseRecord index="127">
            <BaseAnchor index="0" Format="1">
              <XCoordinate value="267"/>
              <YCoordinate value="794"/>
            </BaseAnchor>
          </BaseRecord>
          <BaseRecord index="128">
            <BaseAnchor index="0" Format="1">
              <XCoordinate value="265"/>
              <YCoordinate value="794"/>
            </BaseAnchor>
          </BaseRecord>
          <BaseRecord index="129">
            <BaseAnchor index="0" Format="1">
              <XCoordinate value="281"/>
              <YCoordinate value="794"/>
            </BaseAnchor>
          </BaseRecord>
          <BaseRecord index="130">
            <BaseAnchor index="0" Format="1">
              <XCoordinate value="281"/>
              <YCoordinate value="794"/>
            </BaseAnchor>
          </BaseRecord>
          <BaseRecord index="131">
            <BaseAnchor index="0" Format="1">
              <XCoordinate value="242"/>
              <YCoordinate value="794"/>
            </BaseAnchor>
          </BaseRecord>
        </BaseArray>
      </MarkBasePos>
    </Lookup>
    <Lookup index="1">
      <LookupType value="4"/>
      <LookupFlag value="1"/>
      <!-- SubTableCount=1 -->
      <MarkBasePos index="0" Format="1">
        <MarkCoverage Format="1">
          <Glyph value="nasalizationmarkcomb-nko"/>
        </MarkCoverage>
        <BaseCoverage Format="1">
          <Glyph value="a-nko"/>
          <Glyph value="ee-nko"/>
          <Glyph value="i-nko"/>
          <Glyph value="e-nko"/>
          <Glyph value="u-nko"/>
          <Glyph value="oo-nko"/>
          <Glyph value="o-nko"/>
          <Glyph value="dagbasinna-nko"/>
          <Glyph value="n-nko"/>
          <Glyph value="ba-nko"/>
          <Glyph value="pa-nko"/>
          <Glyph value="ta-nko"/>
          <Glyph value="ja-nko"/>
          <Glyph value="cha-nko"/>
          <Glyph value="da-nko"/>
          <Glyph value="ra-nko"/>
          <Glyph value="rra-nko"/>
          <Glyph value="sa-nko"/>
          <Glyph value="gba-nko"/>
          <Glyph value="fa-nko"/>
          <Glyph value="ka-nko"/>
          <Glyph value="la-nko"/>
          <Glyph value="nawoloso-nko"/>
          <Glyph value="ma-nko"/>
          <Glyph value="nya-nko"/>
          <Glyph value="na-nko"/>
          <Glyph value="ha-nko"/>
          <Glyph value="wa-nko"/>
          <Glyph value="ya-nko"/>
          <Glyph value="nyawoloso-nko"/>
          <Glyph value="jonaja-nko"/>
          <Glyph value="jonacha-nko"/>
          <Glyph value="jonara-nko"/>
          <Glyph value="a-nko.fina"/>
          <Glyph value="ee-nko.fina"/>
          <Glyph value="i-nko.fina"/>
          <Glyph value="e-nko.fina"/>
          <Glyph value="u-nko.fina"/>
          <Glyph value="oo-nko.fina"/>
          <Glyph value="o-nko.fina"/>
          <Glyph value="dagbasinna-nko.fina"/>
          <Glyph value="n-nko.fina"/>
          <Glyph value="ba-nko.fina"/>
          <Glyph value="pa-nko.fina"/>
          <Glyph value="ta-nko.fina"/>
          <Glyph value="ja-nko.fina"/>
          <Glyph value="cha-nko.fina"/>
          <Glyph value="da-nko.fina"/>
          <Glyph value="ra-nko.fina"/>
          <Glyph value="rra-nko.fina"/>
          <Glyph value="sa-nko.fina"/>
          <Glyph value="gba-nko.fina"/>
          <Glyph value="fa-nko.fina"/>
          <Glyph value="ka-nko.fina"/>
          <Glyph value="la-nko.fina"/>
          <Glyph value="nawoloso-nko.fina"/>
          <Glyph value="ma-nko.fina"/>
          <Glyph value="nya-nko.fina"/>
          <Glyph value="na-nko.fina"/>
          <Glyph value="ha-nko.fina"/>
          <Glyph value="wa-nko.fina"/>
          <Glyph value="ya-nko.fina"/>
          <Glyph value="nyawoloso-nko.fina"/>
          <Glyph value="jonaja-nko.fina"/>
          <Glyph value="jonacha-nko.fina"/>
          <Glyph value="jonara-nko.fina"/>
          <Glyph value="a-nko.medi"/>
          <Glyph value="ee-nko.medi"/>
          <Glyph value="i-nko.medi"/>
          <Glyph value="e-nko.medi"/>
          <Glyph value="u-nko.medi"/>
          <Glyph value="oo-nko.medi"/>
          <Glyph value="o-nko.medi"/>
          <Glyph value="dagbasinna-nko.medi"/>
          <Glyph value="n-nko.medi"/>
          <Glyph value="ba-nko.medi"/>
          <Glyph value="pa-nko.medi"/>
          <Glyph value="ta-nko.medi"/>
          <Glyph value="ja-nko.medi"/>
          <Glyph value="cha-nko.medi"/>
          <Glyph value="da-nko.medi"/>
          <Glyph value="ra-nko.medi"/>
          <Glyph value="rra-nko.medi"/>
          <Glyph value="sa-nko.medi"/>
          <Glyph value="gba-nko.medi"/>
          <Glyph value="fa-nko.medi"/>
          <Glyph value="ka-nko.medi"/>
          <Glyph value="la-nko.medi"/>
          <Glyph value="nawoloso-nko.medi"/>
          <Glyph value="ma-nko.medi"/>
          <Glyph value="nya-nko.medi"/>
          <Glyph value="na-nko.medi"/>
          <Glyph value="ha-nko.medi"/>
          <Glyph value="wa-nko.medi"/>
          <Glyph value="ya-nko.medi"/>
          <Glyph value="nyawoloso-nko.medi"/>
          <Glyph value="jonaja-nko.medi"/>
          <Glyph value="jonacha-nko.medi"/>
          <Glyph value="jonara-nko.medi"/>
          <Glyph value="a-nko.init"/>
          <Glyph value="ee-nko.init"/>
          <Glyph value="i-nko.init"/>
          <Glyph value="e-nko.init"/>
          <Glyph value="u-nko.init"/>
          <Glyph value="oo-nko.init"/>
          <Glyph value="o-nko.init"/>
          <Glyph value="dagbasinna-nko.init"/>
          <Glyph value="n-nko.init"/>
          <Glyph value="ba-nko.init"/>
          <Glyph value="pa-nko.init"/>
          <Glyph value="ta-nko.init"/>
          <Glyph value="ja-nko.init"/>
          <Glyph value="cha-nko.init"/>
          <Glyph value="da-nko.init"/>
          <Glyph value="ra-nko.init"/>
          <Glyph value="rra-nko.init"/>
          <Glyph value="sa-nko.init"/>
          <Glyph value="gba-nko.init"/>
          <Glyph value="fa-nko.init"/>
          <Glyph value="ka-nko.init"/>
          <Glyph value="la-nko.init"/>
          <Glyph value="nawoloso-nko.init"/>
          <Glyph value="ma-nko.init"/>
          <Glyph value="nya-nko.init"/>
          <Glyph value="na-nko.init"/>
          <Glyph value="ha-nko.init"/>
          <Glyph value="wa-nko.init"/>
          <Glyph value="ya-nko.init"/>
          <Glyph value="nyawoloso-nko.init"/>
          <Glyph value="jonaja-nko.init"/>
          <Glyph value="jonacha-nko.init"/>
          <Glyph value="jonara-nko.init"/>
        </BaseCoverage>
        <!-- ClassCount=1 -->
        <MarkArray>
          <!-- MarkCount=1 -->
          <MarkRecord index="0">
            <Class value="0"/>
            <MarkAnchor Format="1">
              <XCoordinate value="116"/>
              <YCoordinate value="-140"/>
            </MarkAnchor>
          </MarkRecord>
        </MarkArray>
        <BaseArray>
          <!-- BaseCount=132 -->
          <BaseRecord index="0">
            <BaseAnchor index="0" Format="1">
              <XCoordinate value="103"/>
              <YCoordinate value="-105"/>
            </BaseAnchor>
          </BaseRecord>
          <BaseRecord index="1">
            <BaseAnchor index="0" Format="1">
              <XCoordinate value="252"/>
              <YCoordinate value="-105"/>
            </BaseAnchor>
          </BaseRecord>
          <BaseRecord index="2">
            <BaseAnchor index="0" Format="1">
              <XCoordinate value="248"/>
              <YCoordinate value="-105"/>
            </BaseAnchor>
          </BaseRecord>
          <BaseRecord index="3">
            <BaseAnchor index="0" Format="1">
              <XCoordinate value="300"/>
              <YCoordinate value="-105"/>
            </BaseAnchor>
          </BaseRecord>
          <BaseRecord index="4">
            <BaseAnchor index="0" Format="1">
              <XCoordinate value="261"/>
              <YCoordinate value="-98"/>
            </BaseAnchor>
          </BaseRecord>
          <BaseRecord index="5">
            <BaseAnchor index="0" Format="1">
              <XCoordinate value="261"/>
              <YCoordinate value="-98"/>
            </BaseAnchor>
          </BaseRecord>
          <BaseRecord index="6">
            <BaseAnchor index="0" Format="1">
              <XCoordinate value="261"/>
              <YCoordinate value="-98"/>
            </BaseAnchor>
          </BaseRecord>
          <BaseRecord index="7">
            <BaseAnchor index="0" Format="1">
              <XCoordinate value="261"/>
              <YCoordinate value="-98"/>
            </BaseAnchor>
          </BaseRecord>
          <BaseRecord index="8">
            <BaseAnchor index="0" Format="1">
              <XCoordinate value="406"/>
              <YCoordinate value="-98"/>
            </BaseAnchor>
          </BaseRecord>
          <BaseRecord index="9">
            <BaseAnchor index="0" Format="1">
              <XCoordinate value="261"/>
              <YCoordinate value="-98"/>
            </BaseAnchor>
          </BaseRecord>
          <BaseRecord index="10">
            <BaseAnchor index="0" Format="1">
              <XCoordinate value="261"/>
              <YCoordinate value="-98"/>
            </BaseAnchor>
          </BaseRecord>
          <BaseRecord index="11">
            <BaseAnchor index="0" Format="1">
              <XCoordinate value="261"/>
              <YCoordinate value="-98"/>
            </BaseAnchor>
          </BaseRecord>
          <BaseRecord index="12">
            <BaseAnchor index="0" Format="1">
              <XCoordinate value="261"/>
              <YCoordinate value="-98"/>
            </BaseAnchor>
          </BaseRecord>
          <BaseRecord index="13">
            <BaseAnchor index="0" Format="1">
              <XCoordinate value="226"/>
              <YCoordinate value="-98"/>
            </BaseAnchor>
          </BaseRecord>
          <BaseRecord index="14">
            <BaseAnchor index="0" Format="1">
              <XCoordinate value="422"/>
              <YCoordinate value="-95"/>
            </BaseAnchor>
          </BaseRecord>
          <BaseRecord index="15">
            <BaseAnchor index="0" Format="1">
              <XCoordinate value="261"/>
              <YCoordinate value="-98"/>
            </BaseAnchor>
          </BaseRecord>
          <BaseRecord index="16">
            <BaseAnchor index="0" Format="1">
              <XCoordinate value="416"/>
              <YCoordinate value="-131"/>
            </BaseAnchor>
          </BaseRecord>
          <BaseRecord index="17">
            <BaseAnchor index="0" Format="1">
              <XCoordinate value="261"/>
              <YCoordinate value="-98"/>
            </BaseAnchor>
          </BaseRecord>
          <BaseRecord index="18">
            <BaseAnchor index="0" Format="1">
              <XCoordinate value="281"/>
              <YCoordinate value="-101"/>
            </BaseAnchor>
          </BaseRecord>
          <BaseRecord index="19">
            <BaseAnchor index="0" Format="1">
              <XCoordinate value="349"/>
              <YCoordinate value="-101"/>
            </BaseAnchor>
          </BaseRecord>
          <BaseRecord index="20">
            <BaseAnchor index="0" Format="1">
              <XCoordinate value="261"/>
              <YCoordinate value="-98"/>
            </BaseAnchor>
          </BaseRecord>
          <BaseRecord index="21">
            <BaseAnchor index="0" Format="1">
              <XCoordinate value="261"/>
              <YCoordinate value="-98"/>
            </BaseAnchor>
          </BaseRecord>
          <BaseRecord index="22">
            <BaseAnchor index="0" Format="1">
              <XCoordinate value="248"/>
              <YCoordinate value="-105"/>
            </BaseAnchor>
          </BaseRecord>
          <BaseRecord index="23">
            <BaseAnchor index="0" Format="1">
              <XCoordinate value="281"/>
              <YCoordinate value="-101"/>
            </BaseAnchor>
          </BaseRecord>
          <BaseRecord index="24">
            <BaseAnchor index="0" Format="1">
              <XCoordinate value="261"/>
              <YCoordinate value="-98"/>
            </BaseAnchor>
          </BaseRecord>
          <BaseRecord index="25">
            <BaseAnchor index="0" Format="1">
              <XCoordinate value="261"/>
              <YCoordinate value="-98"/>
            </BaseAnchor>
          </BaseRecord>
          <BaseRecord index="26">
            <BaseAnchor index="0" Format="1">
              <XCoordinate value="261"/>
              <YCoordinate value="-98"/>
            </BaseAnchor>
          </BaseRecord>
          <BaseRecord index="27">
            <BaseAnchor index="0" Format="1">
              <XCoordinate value="261"/>
              <YCoordinate value="-98"/>
            </BaseAnchor>
          </BaseRecord>
          <BaseRecord index="28">
            <BaseAnchor index="0" Format="1">
              <XCoordinate value="261"/>
              <YCoordinate value="-98"/>
            </BaseAnchor>
          </BaseRecord>
          <BaseRecord index="29">
            <BaseAnchor index="0" Format="1">
              <XCoordinate value="261"/>
              <YCoordinate value="-98"/>
            </BaseAnchor>
          </BaseRecord>
          <BaseRecord index="30">
            <BaseAnchor index="0" Format="1">
              <XCoordinate value="265"/>
              <YCoordinate value="-454"/>
            </BaseAnchor>
          </BaseRecord>
          <BaseRecord index="31">
            <BaseAnchor index="0" Format="1">
              <XCoordinate value="265"/>
              <YCoordinate value="-438"/>
            </BaseAnchor>
          </BaseRecord>
          <BaseRecord index="32">
            <BaseAnchor index="0" Format="1">
              <XCoordinate value="245"/>
              <YCoordinate value="-454"/>
            </BaseAnchor>
          </BaseRecord>
          <BaseRecord index="33">
            <BaseAnchor index="0" Format="1">
              <XCoordinate value="106"/>
              <YCoordinate value="-102"/>
            </BaseAnchor>
          </BaseRecord>
          <BaseRecord index="34">
            <BaseAnchor index="0" Format="1">
              <XCoordinate value="262"/>
              <YCoordinate value="-111"/>
            </BaseAnchor>
          </BaseRecord>
          <BaseRecord index="35">
            <BaseAnchor index="0" Format="1">
              <XCoordinate value="262"/>
              <YCoordinate value="-111"/>
            </BaseAnchor>
          </BaseRecord>
          <BaseRecord index="36">
            <BaseAnchor index="0" Format="1">
              <XCoordinate value="302"/>
              <YCoordinate value="-108"/>
            </BaseAnchor>
          </BaseRecord>
          <BaseRecord index="37">
            <BaseAnchor index="0" Format="1">
              <XCoordinate value="262"/>
              <YCoordinate value="-111"/>
            </BaseAnchor>
          </BaseRecord>
          <BaseRecord index="38">
            <BaseAnchor index="0" Format="1">
              <XCoordinate value="262"/>
              <YCoordinate value="-111"/>
            </BaseAnchor>
          </BaseRecord>
          <BaseRecord index="39">
            <BaseAnchor index="0" Format="1">
              <XCoordinate value="262"/>
              <YCoordinate value="-111"/>
            </BaseAnchor>
          </BaseRecord>
          <BaseRecord index="40">
            <BaseAnchor index="0" Format="1">
              <XCoordinate value="262"/>
              <YCoordinate value="-111"/>
            </BaseAnchor>
          </BaseRecord>
          <BaseRecord index="41">
            <BaseAnchor index="0" Format="1">
              <XCoordinate value="375"/>
              <YCoordinate value="-108"/>
            </BaseAnchor>
          </BaseRecord>
          <BaseRecord index="42">
            <BaseAnchor index="0" Format="1">
              <XCoordinate value="262"/>
              <YCoordinate value="-111"/>
            </BaseAnchor>
          </BaseRecord>
          <BaseRecord index="43">
            <BaseAnchor index="0" Format="1">
              <XCoordinate value="262"/>
              <YCoordinate value="-111"/>
            </BaseAnchor>
          </BaseRecord>
          <BaseRecord index="44">
            <BaseAnchor index="0" Format="1">
              <XCoordinate value="262"/>
              <YCoordinate value="-111"/>
            </BaseAnchor>
          </BaseRecord>
          <BaseRecord index="45">
            <BaseAnchor index="0" Format="1">
              <XCoordinate value="262"/>
              <YCoordinate value="-111"/>
            </BaseAnchor>
          </BaseRecord>
          <BaseRecord index="46">
            <BaseAnchor index="0" Format="1">
              <XCoordinate value="262"/>
              <YCoordinate value="-111"/>
            </BaseAnchor>
          </BaseRecord>
          <BaseRecord index="47">
            <BaseAnchor index="0" Format="1">
              <XCoordinate value="486"/>
              <YCoordinate value="-106"/>
            </BaseAnchor>
          </BaseRecord>
          <BaseRecord index="48">
            <BaseAnchor index="0" Format="1">
              <XCoordinate value="262"/>
              <YCoordinate value="-111"/>
            </BaseAnchor>
          </BaseRecord>
          <BaseRecord index="49">
            <BaseAnchor index="0" Format="1">
              <XCoordinate value="417"/>
              <YCoordinate value="-108"/>
            </BaseAnchor>
          </BaseRecord>
          <BaseRecord index="50">
            <BaseAnchor index="0" Format="1">
              <XCoordinate value="262"/>
              <YCoordinate value="-111"/>
            </BaseAnchor>
          </BaseRecord>
          <BaseRecord index="51">
            <BaseAnchor index="0" Format="1">
              <XCoordinate value="281"/>
              <YCoordinate value="-111"/>
            </BaseAnchor>
          </BaseRecord>
          <BaseRecord index="52">
            <BaseAnchor index="0" Format="1">
              <XCoordinate value="377"/>
              <YCoordinate value="-101"/>
            </BaseAnchor>
          </BaseRecord>
          <BaseRecord index="53">
            <BaseAnchor index="0" Format="1">
              <XCoordinate value="262"/>
              <YCoordinate value="-111"/>
            </BaseAnchor>
          </BaseRecord>
          <BaseRecord index="54">
            <BaseAnchor index="0" Format="1">
              <XCoordinate value="262"/>
              <YCoordinate value="-111"/>
            </BaseAnchor>
          </BaseRecord>
          <BaseRecord index="55">
            <BaseAnchor index="0" Format="1">
              <XCoordinate value="262"/>
              <YCoordinate value="-111"/>
            </BaseAnchor>
          </BaseRecord>
          <BaseRecord index="56">
            <BaseAnchor index="0" Format="1">
              <XCoordinate value="287"/>
              <YCoordinate value="-109"/>
            </BaseAnchor>
          </BaseRecord>
          <BaseRecord index="57">
            <BaseAnchor index="0" Format="1">
              <XCoordinate value="287"/>
              <YCoordinate value="-109"/>
            </BaseAnchor>
          </BaseRecord>
          <BaseRecord index="58">
            <BaseAnchor index="0" Format="1">
              <XCoordinate value="287"/>
              <YCoordinate value="-109"/>
            </BaseAnchor>
          </BaseRecord>
          <BaseRecord index="59">
            <BaseAnchor index="0" Format="1">
              <XCoordinate value="287"/>
              <YCoordinate value="-109"/>
            </BaseAnchor>
          </BaseRecord>
          <BaseRecord index="60">
            <BaseAnchor index="0" Format="1">
              <XCoordinate value="287"/>
              <YCoordinate value="-109"/>
            </BaseAnchor>
          </BaseRecord>
          <BaseRecord index="61">
            <BaseAnchor index="0" Format="1">
              <XCoordinate value="287"/>
              <YCoordinate value="-109"/>
            </BaseAnchor>
          </BaseRecord>
          <BaseRecord index="62">
            <BaseAnchor index="0" Format="1">
              <XCoordinate value="287"/>
              <YCoordinate value="-109"/>
            </BaseAnchor>
          </BaseRecord>
          <BaseRecord index="63">
            <BaseAnchor index="0" Format="1">
              <XCoordinate value="287"/>
              <YCoordinate value="-450"/>
            </BaseAnchor>
          </BaseRecord>
          <BaseRecord index="64">
            <BaseAnchor index="0" Format="1">
              <XCoordinate value="287"/>
              <YCoordinate value="-450"/>
            </BaseAnchor>
          </BaseRecord>
          <BaseRecord index="65">
            <BaseAnchor index="0" Format="1">
              <XCoordinate value="246"/>
              <YCoordinate value="-450"/>
            </BaseAnchor>
          </BaseRecord>
          <BaseRecord index="66">
            <BaseAnchor index="0" Format="1">
              <XCoordinate value="108"/>
              <YCoordinate value="-110"/>
            </BaseAnchor>
          </BaseRecord>
          <BaseRecord index="67">
            <BaseAnchor index="0" Format="1">
              <XCoordinate value="287"/>
              <YCoordinate value="-109"/>
            </BaseAnchor>
          </BaseRecord>
          <BaseRecord index="68">
            <BaseAnchor index="0" Format="1">
              <XCoordinate value="253"/>
              <YCoordinate value="-106"/>
            </BaseAnchor>
          </BaseRecord>
          <BaseRecord index="69">
            <BaseAnchor index="0" Format="1">
              <XCoordinate value="302"/>
              <YCoordinate value="-109"/>
            </BaseAnchor>
          </BaseRecord>
          <BaseRecord index="70">
            <BaseAnchor index="0" Format="1">
              <XCoordinate value="262"/>
              <YCoordinate value="-109"/>
            </BaseAnchor>
          </BaseRecord>
          <BaseRecord index="71">
            <BaseAnchor index="0" Format="1">
              <XCoordinate value="287"/>
              <YCoordinate value="-109"/>
            </BaseAnchor>
          </BaseRecord>
          <BaseRecord index="72">
            <BaseAnchor index="0" Format="1">
              <XCoordinate value="270"/>
              <YCoordinate value="-109"/>
            </BaseAnchor>
          </BaseRecord>
          <BaseRecord index="73">
            <BaseAnchor index="0" Format="1">
              <XCoordinate value="277"/>
              <YCoordinate value="-109"/>
            </BaseAnchor>
          </BaseRecord>
          <BaseRecord index="74">
            <BaseAnchor index="0" Format="1">
              <XCoordinate value="418"/>
              <YCoordinate value="-109"/>
            </BaseAnchor>
          </BaseRecord>
          <BaseRecord index="75">
            <BaseAnchor index="0" Format="1">
              <XCoordinate value="287"/>
              <YCoordinate value="-109"/>
            </BaseAnchor>
          </BaseRecord>
          <BaseRecord index="76">
            <BaseAnchor index="0" Format="1">
              <XCoordinate value="260"/>
              <YCoordinate value="-109"/>
            </BaseAnchor>
          </BaseRecord>
          <BaseRecord index="77">
            <BaseAnchor index="0" Format="1">
              <XCoordinate value="287"/>
              <YCoordinate value="-109"/>
            </BaseAnchor>
          </BaseRecord>
          <BaseRecord index="78">
            <BaseAnchor index="0" Format="1">
              <XCoordinate value="287"/>
              <YCoordinate value="-109"/>
            </BaseAnchor>
          </BaseRecord>
          <BaseRecord index="79">
            <BaseAnchor index="0" Format="1">
              <XCoordinate value="213"/>
              <YCoordinate value="-109"/>
            </BaseAnchor>
          </BaseRecord>
          <BaseRecord index="80">
            <BaseAnchor index="0" Format="1">
              <XCoordinate value="445"/>
              <YCoordinate value="-109"/>
            </BaseAnchor>
          </BaseRecord>
          <BaseRecord index="81">
            <BaseAnchor index="0" Format="1">
              <XCoordinate value="273"/>
              <YCoordinate value="-109"/>
            </BaseAnchor>
          </BaseRecord>
          <BaseRecord index="82">
            <BaseAnchor index="0" Format="1">
              <XCoordinate value="412"/>
              <YCoordinate value="-109"/>
            </BaseAnchor>
          </BaseRecord>
          <BaseRecord index="83">
            <BaseAnchor index="0" Format="1">
              <XCoordinate value="259"/>
              <YCoordinate value="-109"/>
            </BaseAnchor>
          </BaseRecord>
          <BaseRecord index="84">
            <BaseAnchor index="0" Format="1">
              <XCoordinate value="287"/>
              <YCoordinate value="-109"/>
            </BaseAnchor>
          </BaseRecord>
          <BaseRecord index="85">
            <BaseAnchor index="0" Format="1">
              <XCoordinate value="287"/>
              <YCoordinate value="-109"/>
            </BaseAnchor>
          </BaseRecord>
          <BaseRecord index="86">
            <BaseAnchor index="0" Format="1">
              <XCoordinate value="259"/>
              <YCoordinate value="-109"/>
            </BaseAnchor>
          </BaseRecord>
          <BaseRecord index="87">
            <BaseAnchor index="0" Format="1">
              <XCoordinate value="287"/>
              <YCoordinate value="-109"/>
            </BaseAnchor>
          </BaseRecord>
          <BaseRecord index="88">
            <BaseAnchor index="0" Format="1">
              <XCoordinate value="254"/>
              <YCoordinate value="-109"/>
            </BaseAnchor>
          </BaseRecord>
          <BaseRecord index="89">
            <BaseAnchor index="0" Format="1">
              <XCoordinate value="287"/>
              <YCoordinate value="-109"/>
            </BaseAnchor>
          </BaseRecord>
          <BaseRecord index="90">
            <BaseAnchor index="0" Format="1">
              <XCoordinate value="267"/>
              <YCoordinate value="-109"/>
            </BaseAnchor>
          </BaseRecord>
          <BaseRecord index="91">
            <BaseAnchor index="0" Format="1">
              <XCoordinate value="242"/>
              <YCoordinate value="-109"/>
            </BaseAnchor>
          </BaseRecord>
          <BaseRecord index="92">
            <BaseAnchor index="0" Format="1">
              <XCoordinate value="287"/>
              <YCoordinate value="-109"/>
            </BaseAnchor>
          </BaseRecord>
          <BaseRecord index="93">
            <BaseAnchor index="0" Format="1">
              <XCoordinate value="269"/>
              <YCoordinate value="-109"/>
            </BaseAnchor>
          </BaseRecord>
          <BaseRecord index="94">
            <BaseAnchor index="0" Format="1">
              <XCoordinate value="273"/>
              <YCoordinate value="-109"/>
            </BaseAnchor>
          </BaseRecord>
          <BaseRecord index="95">
            <BaseAnchor index="0" Format="1">
              <XCoordinate value="272"/>
              <YCoordinate value="-109"/>
            </BaseAnchor>
          </BaseRecord>
          <BaseRecord index="96">
            <BaseAnchor index="0" Format="1">
              <XCoordinate value="287"/>
              <YCoordinate value="-450"/>
            </BaseAnchor>
          </BaseRecord>
          <BaseRecord index="97">
            <BaseAnchor index="0" Format="1">
              <XCoordinate value="287"/>
              <YCoordinate value="-450"/>
            </BaseAnchor>
          </BaseRecord>
          <BaseRecord index="98">
            <BaseAnchor index="0" Format="1">
              <XCoordinate value="244"/>
              <YCoordinate value="-450"/>
            </BaseAnchor>
          </BaseRecord>
          <BaseRecord index="99">
            <BaseAnchor index="0" Format="1">
              <XCoordinate value="116"/>
              <YCoordinate value="-109"/>
            </BaseAnchor>
          </BaseRecord>
          <BaseRecord index="100">
            <BaseAnchor index="0" Format="1">
              <XCoordinate value="259"/>
              <YCoordinate value="-109"/>
            </BaseAnchor>
          </BaseRecord>
          <BaseRecord index="101">
            <BaseAnchor index="0" Format="1">
              <XCoordinate value="252"/>
              <YCoordinate value="-109"/>
            </BaseAnchor>
          </BaseRecord>
          <BaseRecord index="102">
            <BaseAnchor index="0" Format="1">
              <XCoordinate value="311"/>
              <YCoordinate value="-109"/>
            </BaseAnchor>
          </BaseRecord>
          <BaseRecord index="103">
            <BaseAnchor index="0" Format="1">
              <XCoordinate value="257"/>
              <YCoordinate value="-109"/>
            </BaseAnchor>
          </BaseRecord>
          <BaseRecord index="104">
            <BaseAnchor index="0" Format="1">
              <XCoordinate value="246"/>
              <YCoordinate value="-109"/>
            </BaseAnchor>
          </BaseRecord>
          <BaseRecord index="105">
            <BaseAnchor index="0" Format="1">
              <XCoordinate value="262"/>
              <YCoordinate value="-109"/>
            </BaseAnchor>
          </BaseRecord>
          <BaseRecord index="106">
            <BaseAnchor index="0" Format="1">
              <XCoordinate value="269"/>
              <YCoordinate value="-109"/>
            </BaseAnchor>
          </BaseRecord>
          <BaseRecord index="107">
            <BaseAnchor index="0" Format="1">
              <XCoordinate value="334"/>
              <YCoordinate value="-109"/>
            </BaseAnchor>
          </BaseRecord>
          <BaseRecord index="108">
            <BaseAnchor index="0" Format="1">
              <XCoordinate value="287"/>
              <YCoordinate value="-109"/>
            </BaseAnchor>
          </BaseRecord>
          <BaseRecord index="109">
            <BaseAnchor index="0" Format="1">
              <XCoordinate value="255"/>
              <YCoordinate value="-109"/>
            </BaseAnchor>
          </BaseRecord>
          <BaseRecord index="110">
            <BaseAnchor index="0" Format="1">
              <XCoordinate value="287"/>
              <YCoordinate value="-109"/>
            </BaseAnchor>
          </BaseRecord>
          <BaseRecord index="111">
            <BaseAnchor index="0" Format="1">
              <XCoordinate value="287"/>
              <YCoordinate value="-109"/>
            </BaseAnchor>
          </BaseRecord>
          <BaseRecord index="112">
            <BaseAnchor index="0" Format="1">
              <XCoordinate value="204"/>
              <YCoordinate value="-109"/>
            </BaseAnchor>
          </BaseRecord>
          <BaseRecord index="113">
            <BaseAnchor index="0" Format="1">
              <XCoordinate value="413"/>
              <YCoordinate value="-109"/>
            </BaseAnchor>
          </BaseRecord>
          <BaseRecord index="114">
            <BaseAnchor index="0" Format="1">
              <XCoordinate value="272"/>
              <YCoordinate value="-109"/>
            </BaseAnchor>
          </BaseRecord>
          <BaseRecord index="115">
            <BaseAnchor index="0" Format="1">
              <XCoordinate value="417"/>
              <YCoordinate value="-109"/>
            </BaseAnchor>
          </BaseRecord>
          <BaseRecord index="116">
            <BaseAnchor index="0" Format="1">
              <XCoordinate value="262"/>
              <YCoordinate value="-109"/>
            </BaseAnchor>
          </BaseRecord>
          <BaseRecord index="117">
            <BaseAnchor index="0" Format="1">
              <XCoordinate value="287"/>
              <YCoordinate value="-109"/>
            </BaseAnchor>
          </BaseRecord>
          <BaseRecord index="118">
            <BaseAnchor index="0" Format="1">
              <XCoordinate value="287"/>
              <YCoordinate value="-109"/>
            </BaseAnchor>
          </BaseRecord>
          <BaseRecord index="119">
            <BaseAnchor index="0" Format="1">
              <XCoordinate value="250"/>
              <YCoordinate value="-109"/>
            </BaseAnchor>
          </BaseRecord>
          <BaseRecord index="120">
            <BaseAnchor index="0" Format="1">
              <XCoordinate value="263"/>
              <YCoordinate value="-109"/>
            </BaseAnchor>
          </BaseRecord>
          <BaseRecord index="121">
            <BaseAnchor index="0" Format="1">
              <XCoordinate value="242"/>
              <YCoordinate value="-109"/>
            </BaseAnchor>
          </BaseRecord>
          <BaseRecord index="122">
            <BaseAnchor index="0" Format="1">
              <XCoordinate value="287"/>
              <YCoordinate value="-109"/>
            </BaseAnchor>
          </BaseRecord>
          <BaseRecord index="123">
            <BaseAnchor index="0" Format="1">
              <XCoordinate value="266"/>
              <YCoordinate value="-109"/>
            </BaseAnchor>
          </BaseRecord>
          <BaseRecord index="124">
            <BaseAnchor index="0" Format="1">
              <XCoordinate value="251"/>
              <YCoordinate value="-109"/>
            </BaseAnchor>
          </BaseRecord>
          <BaseRecord index="125">
            <BaseAnchor index="0" Format="1">
              <XCoordinate value="271"/>
              <YCoordinate value="-109"/>
            </BaseAnchor>
          </BaseRecord>
          <BaseRecord index="126">
            <BaseAnchor index="0" Format="1">
              <XCoordinate value="263"/>
              <YCoordinate value="-109"/>
            </BaseAnchor>
          </BaseRecord>
          <BaseRecord index="127">
            <BaseAnchor index="0" Format="1">
              <XCoordinate value="273"/>
              <YCoordinate value="-109"/>
            </BaseAnchor>
          </BaseRecord>
          <BaseRecord index="128">
            <BaseAnchor index="0" Format="1">
              <XCoordinate value="271"/>
              <YCoordinate value="-109"/>
            </BaseAnchor>
          </BaseRecord>
          <BaseRecord index="129">
            <BaseAnchor index="0" Format="1">
              <XCoordinate value="287"/>
              <YCoordinate value="-450"/>
            </BaseAnchor>
          </BaseRecord>
          <BaseRecord index="130">
            <BaseAnchor index="0" Format="1">
              <XCoordinate value="287"/>
              <YCoordinate value="-450"/>
            </BaseAnchor>
          </BaseRecord>
          <BaseRecord index="131">
            <BaseAnchor index="0" Format="1">
              <XCoordinate value="248"/>
              <YCoordinate value="-450"/>
            </BaseAnchor>
          </BaseRecord>
        </BaseArray>
      </MarkBasePos>
    </Lookup>
  </LookupList>
</GPOS>
<GSUB>
  <Version value="1.0"/>
  <ScriptList>
    <!-- ScriptCount=2 -->
    <ScriptRecord index="0">
      <ScriptTag value="DFLT"/>
      <Script>
        <DefaultLangSys>
          <ReqFeatureIndex value="65535"/>
          <!-- FeatureCount=3 -->
          <FeatureIndex index="0" value="0"/>
          <FeatureIndex index="1" value="2"/>
          <FeatureIndex index="2" value="4"/>
        </DefaultLangSys>
        <!-- LangSysCount=0 -->
      </Script>
    </ScriptRecord>
    <ScriptRecord index="1">
      <ScriptTag value="nko "/>
      <Script>
        <DefaultLangSys>
          <ReqFeatureIndex value="65535"/>
          <!-- FeatureCount=3 -->
          <FeatureIndex index="0" value="1"/>
          <FeatureIndex index="1" value="3"/>
          <FeatureIndex index="2" value="5"/>
        </DefaultLangSys>
        <!-- LangSysCount=0 -->
      </Script>
    </ScriptRecord>
  </ScriptList>
  <FeatureList>
    <!-- FeatureCount=6 -->
    <FeatureRecord index="0">
      <FeatureTag value="fina"/>
      <Feature>
        <!-- LookupCount=1 -->
        <LookupListIndex index="0" value="2"/>
      </Feature>
    </FeatureRecord>
    <FeatureRecord index="1">
      <FeatureTag value="fina"/>
      <Feature>
        <!-- LookupCount=1 -->
        <LookupListIndex index="0" value="2"/>
      </Feature>
    </FeatureRecord>
    <FeatureRecord index="2">
      <FeatureTag value="init"/>
      <Feature>
        <!-- LookupCount=1 -->
        <LookupListIndex index="0" value="0"/>
      </Feature>
    </FeatureRecord>
    <FeatureRecord index="3">
      <FeatureTag value="init"/>
      <Feature>
        <!-- LookupCount=1 -->
        <LookupListIndex index="0" value="0"/>
      </Feature>
    </FeatureRecord>
    <FeatureRecord index="4">
      <FeatureTag value="medi"/>
      <Feature>
        <!-- LookupCount=1 -->
        <LookupListIndex index="0" value="1"/>
      </Feature>
    </FeatureRecord>
    <FeatureRecord index="5">
      <FeatureTag value="medi"/>
      <Feature>
        <!-- LookupCount=1 -->
        <LookupListIndex index="0" value="1"/>
      </Feature>
    </FeatureRecord>
  </FeatureList>
  <LookupList>
    <!-- LookupCount=3 -->
    <Lookup index="0">
      <LookupType value="1"/>
      <LookupFlag value="1"/>
      <!-- SubTableCount=1 -->
      <SingleSubst index="0" Format="2">
        <Substitution in="a-nko" out="a-nko.init"/>
        <Substitution in="ee-nko" out="ee-nko.init"/>
        <Substitution in="i-nko" out="i-nko.init"/>
        <Substitution in="e-nko" out="e-nko.init"/>
        <Substitution in="u-nko" out="u-nko.init"/>
        <Substitution in="oo-nko" out="oo-nko.init"/>
        <Substitution in="o-nko" out="o-nko.init"/>
        <Substitution in="dagbasinna-nko" out="dagbasinna-nko.init"/>
        <Substitution in="n-nko" out="n-nko.init"/>
        <Substitution in="ba-nko" out="ba-nko.init"/>
        <Substitution in="pa-nko" out="pa-nko.init"/>
        <Substitution in="ta-nko" out="ta-nko.init"/>
        <Substitution in="ja-nko" out="ja-nko.init"/>
        <Substitution in="cha-nko" out="cha-nko.init"/>
        <Substitution in="da-nko" out="da-nko.init"/>
        <Substitution in="ra-nko" out="ra-nko.init"/>
        <Substitution in="rra-nko" out="rra-nko.init"/>
        <Substitution in="sa-nko" out="sa-nko.init"/>
        <Substitution in="gba-nko" out="gba-nko.init"/>
        <Substitution in="fa-nko" out="fa-nko.init"/>
        <Substitution in="ka-nko" out="ka-nko.init"/>
        <Substitution in="la-nko" out="la-nko.init"/>
        <Substitution in="nawoloso-nko" out="nawoloso-nko.init"/>
        <Substitution in="ma-nko" out="ma-nko.init"/>
        <Substitution in="nya-nko" out="nya-nko.init"/>
        <Substitution in="na-nko" out="na-nko.init"/>
        <Substitution in="ha-nko" out="ha-nko.init"/>
        <Substitution in="wa-nko" out="wa-nko.init"/>
        <Substitution in="ya-nko" out="ya-nko.init"/>
        <Substitution in="nyawoloso-nko" out="nyawoloso-nko.init"/>
        <Substitution in="jonaja-nko" out="jonaja-nko.init"/>
        <Substitution in="jonacha-nko" out="jonacha-nko.init"/>
        <Substitution in="jonara-nko" out="jonara-nko.init"/>
      </SingleSubst>
    </Lookup>
    <Lookup index="1">
      <LookupType value="1"/>
      <LookupFlag value="1"/>
      <!-- SubTableCount=1 -->
      <SingleSubst index="0" Format="2">
        <Substitution in="a-nko" out="a-nko.medi"/>
        <Substitution in="ee-nko" out="ee-nko.medi"/>
        <Substitution in="i-nko" out="i-nko.medi"/>
        <Substitution in="e-nko" out="e-nko.medi"/>
        <Substitution in="u-nko" out="u-nko.medi"/>
        <Substitution in="oo-nko" out="oo-nko.medi"/>
        <Substitution in="o-nko" out="o-nko.medi"/>
        <Substitution in="dagbasinna-nko" out="dagbasinna-nko.medi"/>
        <Substitution in="n-nko" out="n-nko.medi"/>
        <Substitution in="ba-nko" out="ba-nko.medi"/>
        <Substitution in="pa-nko" out="pa-nko.medi"/>
        <Substitution in="ta-nko" out="ta-nko.medi"/>
        <Substitution in="ja-nko" out="ja-nko.medi"/>
        <Substitution in="cha-nko" out="cha-nko.medi"/>
        <Substitution in="da-nko" out="da-nko.medi"/>
        <Substitution in="ra-nko" out="ra-nko.medi"/>
        <Substitution in="rra-nko" out="rra-nko.medi"/>
        <Substitution in="sa-nko" out="sa-nko.medi"/>
        <Substitution in="gba-nko" out="gba-nko.medi"/>
        <Substitution in="fa-nko" out="fa-nko.medi"/>
        <Substitution in="ka-nko" out="ka-nko.medi"/>
        <Substitution in="la-nko" out="la-nko.medi"/>
        <Substitution in="nawoloso-nko" out="nawoloso-nko.medi"/>
        <Substitution in="ma-nko" out="ma-nko.medi"/>
        <Substitution in="nya-nko" out="nya-nko.medi"/>
        <Substitution in="na-nko" out="na-nko.medi"/>
        <Substitution in="ha-nko" out="ha-nko.medi"/>
        <Substitution in="wa-nko" out="wa-nko.medi"/>
        <Substitution in="ya-nko" out="ya-nko.medi"/>
        <Substitution in="nyawoloso-nko" out="nyawoloso-nko.medi"/>
        <Substitution in="jonaja-nko" out="jonaja-nko.medi"/>
        <Substitution in="jonacha-nko" out="jonacha-nko.medi"/>
        <Substitution in="jonara-nko" out="jonara-nko.medi"/>
      </SingleSubst>
    </Lookup>
    <Lookup index="2">
      <LookupType value="1"/>
      <LookupFlag value="1"/>
      <!-- SubTableCount=1 -->
      <SingleSubst index="0" Format="2">
        <Substitution in="a-nko" out="a-nko.fina"/>
        <Substitution in="ee-nko" out="ee-nko.fina"/>
        <Substitution in="i-nko" out="i-nko.fina"/>
        <Substitution in="e-nko" out="e-nko.fina"/>
        <Substitution in="u-nko" out="u-nko.fina"/>
        <Substitution in="oo-nko" out="oo-nko.fina"/>
        <Substitution in="o-nko" out="o-nko.fina"/>
        <Substitution in="dagbasinna-nko" out="dagbasinna-nko.fina"/>
        <Substitution in="n-nko" out="n-nko.fina"/>
        <Substitution in="ba-nko" out="ba-nko.fina"/>
        <Substitution in="pa-nko" out="pa-nko.fina"/>
        <Substitution in="ta-nko" out="ta-nko.fina"/>
        <Substitution in="ja-nko" out="ja-nko.fina"/>
        <Substitution in="cha-nko" out="cha-nko.fina"/>
        <Substitution in="da-nko" out="da-nko.fina"/>
        <Substitution in="ra-nko" out="ra-nko.fina"/>
        <Substitution in="rra-nko" out="rra-nko.fina"/>
        <Substitution in="sa-nko" out="sa-nko.fina"/>
        <Substitution in="gba-nko" out="gba-nko.fina"/>
        <Substitution in="fa-nko" out="fa-nko.fina"/>
        <Substitution in="ka-nko" out="ka-nko.fina"/>
        <Substitution in="la-nko" out="la-nko.fina"/>
        <Substitution in="nawoloso-nko" out="nawoloso-nko.fina"/>
        <Substitution in="ma-nko" out="ma-nko.fina"/>
        <Substitution in="nya-nko" out="nya-nko.fina"/>
        <Substitution in="na-nko" out="na-nko.fina"/>
        <Substitution in="ha-nko" out="ha-nko.fina"/>
        <Substitution in="wa-nko" out="wa-nko.fina"/>
        <Substitution in="ya-nko" out="ya-nko.fina"/>
        <Substitution in="nyawoloso-nko" out="nyawoloso-nko.fina"/>
        <Substitution in="jonaja-nko" out="jonaja-nko.fina"/>
        <Substitution in="jonacha-nko" out="jonacha-nko.fina"/>
        <Substitution in="jonara-nko" out="jonara-nko.fina"/>
      </SingleSubst>
    </Lookup>
  </LookupList>
</GSUB>
</OTLayout>
